Index,DataSetID,species,RBPID,RBPSYMBOL,CELLLINE,Genesymbol,Disease,GeneID,baseMean,log2FC,padj,Change,_disease,_species,_type
4645,DataSet_50,human,ENSG00000091542,ALKBH5,UM-SCC-1,SPECC1L-ADORA2A,Head and neck squamous cell carcinoma,ENSG00000258555.6,21.2891,7.7391,0.0,up,Head and neck squamous cell carcinoma,human,Gene
75675,DataSet_46,human,ENSG00000091542,ALKBH5,UM-SCC-1,SPECC1L-ADORA2A,Head and neck squamous cell carcinoma,ENSG00000258555.6,21.2891,7.7391,0.0,up,Head and neck squamous cell carcinoma,human,Gene
4746,DataSet_51,human,ENSG00000091542,ALKBH5,UM-SCC-1,ENSG00000288053,Head and neck squamous cell carcinoma,ENSG00000288053.1,9.4674,-6.7568,0.0,down,Head and neck squamous cell carcinoma,human,Gene
4646,DataSet_50,human,ENSG00000091542,ALKBH5,UM-SCC-1,ENSG00000254732,Head and neck squamous cell carcinoma,ENSG00000254732.2,13.6023,6.1093,0.0001,up,Head and neck squamous cell carcinoma,human,Gene
75676,DataSet_46,human,ENSG00000091542,ALKBH5,UM-SCC-1,ENSG00000254732,Head and neck squamous cell carcinoma,ENSG00000254732.2,13.6023,6.1093,0.0001,up,Head and neck squamous cell carcinoma,human,Gene
4747,DataSet_51,human,ENSG00000091542,ALKBH5,UM-SCC-1,RPS23P8,Head and neck squamous cell carcinoma,ENSG00000230629.2,92.2017,5.7916,0.0,up,Head and neck squamous cell carcinoma,human,Gene
4647,DataSet_50,human,ENSG00000091542,ALKBH5,UM-SCC-1,ANKRD1,Head and neck squamous cell carcinoma,ENSG00000148677.7,116.3935,5.745,0.0,up,Head and neck squamous cell carcinoma,human,Gene
75677,DataSet_46,human,ENSG00000091542,ALKBH5,UM-SCC-1,ANKRD1,Head and neck squamous cell carcinoma,ENSG00000148677.7,116.3935,5.745,0.0,up,Head and neck squamous cell carcinoma,human,Gene
4748,DataSet_51,human,ENSG00000091542,ALKBH5,UM-SCC-1,ANKRD1,Head and neck squamous cell carcinoma,ENSG00000148677.7,102.4112,5.6519,0.0,up,Head and neck squamous cell carcinoma,human,Gene
75678,DataSet_46,human,ENSG00000091542,ALKBH5,UM-SCC-1,RPS23P8,Head and neck squamous cell carcinoma,ENSG00000230629.2,74.7849,5.408,0.001,up,Head and neck squamous cell carcinoma,human,Gene
4648,DataSet_50,human,ENSG00000091542,ALKBH5,UM-SCC-1,RPS23P8,Head and neck squamous cell carcinoma,ENSG00000230629.2,74.7849,5.408,0.001,up,Head and neck squamous cell carcinoma,human,Gene
4749,DataSet_51,human,ENSG00000091542,ALKBH5,UM-SCC-1,ENSG00000272512,Head and neck squamous cell carcinoma,ENSG00000272512.1,48.002,5.314,0.0,up,Head and neck squamous cell carcinoma,human,Gene
4750,DataSet_51,human,ENSG00000091542,ALKBH5,UM-SCC-1,HSPA6,Head and neck squamous cell carcinoma,ENSG00000173110.8,45.3822,5.2469,0.0,up,Head and neck squamous cell carcinoma,human,Gene
4649,DataSet_50,human,ENSG00000091542,ALKBH5,UM-SCC-1,ENSG00000272512,Head and neck squamous cell carcinoma,ENSG00000272512.1,48.7409,5.246,0.0,up,Head and neck squamous cell carcinoma,human,Gene
75679,DataSet_46,human,ENSG00000091542,ALKBH5,UM-SCC-1,ENSG00000272512,Head and neck squamous cell carcinoma,ENSG00000272512.1,48.7409,5.246,0.0,up,Head and neck squamous cell carcinoma,human,Gene
75680,DataSet_46,human,ENSG00000091542,ALKBH5,UM-SCC-1,HSPA6,Head and neck squamous cell carcinoma,ENSG00000173110.8,48.064,5.2384,0.0,up,Head and neck squamous cell carcinoma,human,Gene
4650,DataSet_50,human,ENSG00000091542,ALKBH5,UM-SCC-1,HSPA6,Head and neck squamous cell carcinoma,ENSG00000173110.8,48.064,5.2384,0.0,up,Head and neck squamous cell carcinoma,human,Gene
4751,DataSet_51,human,ENSG00000091542,ALKBH5,UM-SCC-1,SPDYE2B,Head and neck squamous cell carcinoma,ENSG00000173678.15,22.8883,4.8416,0.009,up,Head and neck squamous cell carcinoma,human,Gene
4651,DataSet_50,human,ENSG00000091542,ALKBH5,UM-SCC-1,XRCC6P1,Head and neck squamous cell carcinoma,ENSG00000237417.1,11.9175,4.4404,0.0003,up,Head and neck squamous cell carcinoma,human,Gene
75681,DataSet_46,human,ENSG00000091542,ALKBH5,UM-SCC-1,XRCC6P1,Head and neck squamous cell carcinoma,ENSG00000237417.1,11.9175,4.4404,0.0003,up,Head and neck squamous cell carcinoma,human,Gene
75682,DataSet_46,human,ENSG00000091542,ALKBH5,UM-SCC-1,SPDYE2B,Head and neck squamous cell carcinoma,ENSG00000173678.15,19.7674,4.4397,0.0,up,Head and neck squamous cell carcinoma,human,Gene
4652,DataSet_50,human,ENSG00000091542,ALKBH5,UM-SCC-1,SPDYE2B,Head and neck squamous cell carcinoma,ENSG00000173678.15,19.7674,4.4397,0.0,up,Head and neck squamous cell carcinoma,human,Gene
4752,DataSet_51,human,ENSG00000091542,ALKBH5,UM-SCC-1,XRCC6P1,Head and neck squamous cell carcinoma,ENSG00000237417.1,10.5437,4.3504,0.0004,up,Head and neck squamous cell carcinoma,human,Gene
4753,DataSet_51,human,ENSG00000091542,ALKBH5,UM-SCC-1,OR7E38P,Head and neck squamous cell carcinoma,ENSG00000183444.10,13.6889,4.0214,0.0001,up,Head and neck squamous cell carcinoma,human,Gene
4754,DataSet_51,human,ENSG00000091542,ALKBH5,UM-SCC-1,HSPA1B,Head and neck squamous cell carcinoma,ENSG00000204388.7,1396.2364,3.7889,0.0,up,Head and neck squamous cell carcinoma,human,Gene
4653,DataSet_50,human,ENSG00000091542,ALKBH5,UM-SCC-1,HSPA1B,Head and neck squamous cell carcinoma,ENSG00000204388.7,1486.8958,3.7879,0.0,up,Head and neck squamous cell carcinoma,human,Gene
75683,DataSet_46,human,ENSG00000091542,ALKBH5,UM-SCC-1,HSPA1B,Head and neck squamous cell carcinoma,ENSG00000204388.7,1486.8958,3.7879,0.0,up,Head and neck squamous cell carcinoma,human,Gene
4654,DataSet_50,human,ENSG00000091542,ALKBH5,UM-SCC-1,AMH,Head and neck squamous cell carcinoma,ENSG00000104899.8,147.681,3.638,0.0,up,Head and neck squamous cell carcinoma,human,Gene
75684,DataSet_46,human,ENSG00000091542,ALKBH5,UM-SCC-1,AMH,Head and neck squamous cell carcinoma,ENSG00000104899.8,147.681,3.638,0.0,up,Head and neck squamous cell carcinoma,human,Gene
4755,DataSet_51,human,ENSG00000091542,ALKBH5,UM-SCC-1,AMH,Head and neck squamous cell carcinoma,ENSG00000104899.8,135.4614,3.6,0.0,up,Head and neck squamous cell carcinoma,human,Gene
4757,DataSet_51,human,ENSG00000091542,ALKBH5,UM-SCC-1,ENSG00000250658,Head and neck squamous cell carcinoma,ENSG00000250658.1,8.5657,3.5308,0.0038,up,Head and neck squamous cell carcinoma,human,Gene
4758,DataSet_51,human,ENSG00000091542,ALKBH5,UM-SCC-1,ENSG00000285565,Head and neck squamous cell carcinoma,ENSG00000285565.1,1424.1302,3.416,0.0,up,Head and neck squamous cell carcinoma,human,Gene
4655,DataSet_50,human,ENSG00000091542,ALKBH5,UM-SCC-1,ENSG00000285565,Head and neck squamous cell carcinoma,ENSG00000285565.1,1511.6958,3.4106,0.0,up,Head and neck squamous cell carcinoma,human,Gene
75685,DataSet_46,human,ENSG00000091542,ALKBH5,UM-SCC-1,ENSG00000285565,Head and neck squamous cell carcinoma,ENSG00000285565.1,1511.6958,3.4106,0.0,up,Head and neck squamous cell carcinoma,human,Gene
75686,DataSet_46,human,ENSG00000091542,ALKBH5,UM-SCC-1,ENSG00000225173,Head and neck squamous cell carcinoma,ENSG00000225173.2,25.1463,3.3054,0.0,up,Head and neck squamous cell carcinoma,human,Gene
4656,DataSet_50,human,ENSG00000091542,ALKBH5,UM-SCC-1,ENSG00000225173,Head and neck squamous cell carcinoma,ENSG00000225173.2,25.1463,3.3054,0.0,up,Head and neck squamous cell carcinoma,human,Gene
4759,DataSet_51,human,ENSG00000091542,ALKBH5,UM-SCC-1,ENSG00000267283,Head and neck squamous cell carcinoma,ENSG00000267283.1,10.3453,-3.2628,0.0028,down,Head and neck squamous cell carcinoma,human,Gene
4657,DataSet_50,human,ENSG00000091542,ALKBH5,UM-SCC-1,CDC26P1,Head and neck squamous cell carcinoma,ENSG00000238072.1,13.0267,3.2392,0.0008,up,Head and neck squamous cell carcinoma,human,Gene
75687,DataSet_46,human,ENSG00000091542,ALKBH5,UM-SCC-1,CDC26P1,Head and neck squamous cell carcinoma,ENSG00000238072.1,13.0267,3.2392,0.0008,up,Head and neck squamous cell carcinoma,human,Gene
75688,DataSet_46,human,ENSG00000091542,ALKBH5,UM-SCC-1,ENSG00000279306,Head and neck squamous cell carcinoma,ENSG00000279306.1,18.5832,3.2236,0.0,up,Head and neck squamous cell carcinoma,human,Gene
4658,DataSet_50,human,ENSG00000091542,ALKBH5,UM-SCC-1,ENSG00000279306,Head and neck squamous cell carcinoma,ENSG00000279306.1,18.5832,3.2236,0.0,up,Head and neck squamous cell carcinoma,human,Gene
4760,DataSet_51,human,ENSG00000091542,ALKBH5,UM-SCC-1,ENSG00000225173,Head and neck squamous cell carcinoma,ENSG00000225173.2,22.2509,3.2191,0.0,up,Head and neck squamous cell carcinoma,human,Gene
4761,DataSet_51,human,ENSG00000091542,ALKBH5,UM-SCC-1,ENSG00000289628,Head and neck squamous cell carcinoma,ENSG00000289628.1,8.5952,3.2138,0.0092,up,Head and neck squamous cell carcinoma,human,Gene
4762,DataSet_51,human,ENSG00000091542,ALKBH5,UM-SCC-1,PRG4,Head and neck squamous cell carcinoma,ENSG00000116690.13,8.3383,3.1677,0.009,up,Head and neck squamous cell carcinoma,human,Gene
4763,DataSet_51,human,ENSG00000091542,ALKBH5,UM-SCC-1,CDC26P1,Head and neck squamous cell carcinoma,ENSG00000238072.1,11.1497,3.0923,0.0054,up,Head and neck squamous cell carcinoma,human,Gene
75689,DataSet_46,human,ENSG00000091542,ALKBH5,UM-SCC-1,CIDEB,Head and neck squamous cell carcinoma,ENSG00000136305.12,11.0318,-3.0057,0.0057,down,Head and neck squamous cell carcinoma,human,Gene
4659,DataSet_50,human,ENSG00000091542,ALKBH5,UM-SCC-1,CIDEB,Head and neck squamous cell carcinoma,ENSG00000136305.12,11.0318,-3.0057,0.0057,down,Head and neck squamous cell carcinoma,human,Gene
4764,DataSet_51,human,ENSG00000091542,ALKBH5,UM-SCC-1,MUC5B,Head and neck squamous cell carcinoma,ENSG00000117983.17,13.999,2.8568,0.0006,up,Head and neck squamous cell carcinoma,human,Gene
4765,DataSet_51,human,ENSG00000091542,ALKBH5,UM-SCC-1,CIDEB,Head and neck squamous cell carcinoma,ENSG00000136305.12,10.4809,-2.8329,0.0083,down,Head and neck squamous cell carcinoma,human,Gene
4766,DataSet_51,human,ENSG00000091542,ALKBH5,UM-SCC-1,FOSB,Head and neck squamous cell carcinoma,ENSG00000125740.14,34.0976,2.7935,0.0,up,Head and neck squamous cell carcinoma,human,Gene
4767,DataSet_51,human,ENSG00000091542,ALKBH5,UM-SCC-1,LINC00534,Head and neck squamous cell carcinoma,ENSG00000253394.7,11.1164,2.7701,0.0046,up,Head and neck squamous cell carcinoma,human,Gene
4768,DataSet_51,human,ENSG00000091542,ALKBH5,UM-SCC-1,ENSG00000279306,Head and neck squamous cell carcinoma,ENSG00000279306.1,13.0329,2.7617,0.0007,up,Head and neck squamous cell carcinoma,human,Gene
4769,DataSet_51,human,ENSG00000091542,ALKBH5,UM-SCC-1,HSPA1A,Head and neck squamous cell carcinoma,ENSG00000204389.10,25.5157,2.7042,0.0389,up,Head and neck squamous cell carcinoma,human,Gene
75691,DataSet_46,human,ENSG00000091542,ALKBH5,UM-SCC-1,IQCN,Head and neck squamous cell carcinoma,ENSG00000130518.18,17.4419,2.6771,0.0002,up,Head and neck squamous cell carcinoma,human,Gene
4661,DataSet_50,human,ENSG00000091542,ALKBH5,UM-SCC-1,IQCN,Head and neck squamous cell carcinoma,ENSG00000130518.18,17.4419,2.6771,0.0002,up,Head and neck squamous cell carcinoma,human,Gene
4662,DataSet_50,human,ENSG00000091542,ALKBH5,UM-SCC-1,EPS8L2,Head and neck squamous cell carcinoma,ENSG00000177106.17,13.4956,2.6627,0.0027,up,Head and neck squamous cell carcinoma,human,Gene
75692,DataSet_46,human,ENSG00000091542,ALKBH5,UM-SCC-1,EPS8L2,Head and neck squamous cell carcinoma,ENSG00000177106.17,13.4956,2.6627,0.0027,up,Head and neck squamous cell carcinoma,human,Gene
4663,DataSet_50,human,ENSG00000091542,ALKBH5,UM-SCC-1,ENSG00000275468,Head and neck squamous cell carcinoma,ENSG00000275468.1,25.4908,2.661,0.0,up,Head and neck squamous cell carcinoma,human,Gene
75693,DataSet_46,human,ENSG00000091542,ALKBH5,UM-SCC-1,ENSG00000275468,Head and neck squamous cell carcinoma,ENSG00000275468.1,25.4908,2.661,0.0,up,Head and neck squamous cell carcinoma,human,Gene
4770,DataSet_51,human,ENSG00000091542,ALKBH5,UM-SCC-1,ARSD,Head and neck squamous cell carcinoma,ENSG00000006756.16,8.882,2.6493,0.0164,up,Head and neck squamous cell carcinoma,human,Gene
4771,DataSet_51,human,ENSG00000091542,ALKBH5,UM-SCC-1,SERF1B,Head and neck squamous cell carcinoma,ENSG00000205572.10,37.5896,2.6389,0.0,up,Head and neck squamous cell carcinoma,human,Gene
4772,DataSet_51,human,ENSG00000091542,ALKBH5,UM-SCC-1,IQCN,Head and neck squamous cell carcinoma,ENSG00000130518.18,15.9143,2.636,0.0002,up,Head and neck squamous cell carcinoma,human,Gene
4664,DataSet_50,human,ENSG00000091542,ALKBH5,UM-SCC-1,DNAH17,Head and neck squamous cell carcinoma,ENSG00000187775.17,224.7043,2.6192,0.0,up,Head and neck squamous cell carcinoma,human,Gene
75694,DataSet_46,human,ENSG00000091542,ALKBH5,UM-SCC-1,DNAH17,Head and neck squamous cell carcinoma,ENSG00000187775.17,224.7043,2.6192,0.0,up,Head and neck squamous cell carcinoma,human,Gene
75695,DataSet_46,human,ENSG00000091542,ALKBH5,UM-SCC-1,FOSB,Head and neck squamous cell carcinoma,ENSG00000125740.14,32.3533,2.6006,0.0,up,Head and neck squamous cell carcinoma,human,Gene
4665,DataSet_50,human,ENSG00000091542,ALKBH5,UM-SCC-1,FOSB,Head and neck squamous cell carcinoma,ENSG00000125740.14,32.3533,2.6006,0.0,up,Head and neck squamous cell carcinoma,human,Gene
4773,DataSet_51,human,ENSG00000091542,ALKBH5,UM-SCC-1,AOC2,Head and neck squamous cell carcinoma,ENSG00000131480.9,14.9552,2.5859,0.0005,up,Head and neck squamous cell carcinoma,human,Gene
4774,DataSet_51,human,ENSG00000091542,ALKBH5,UM-SCC-1,ENSG00000275468,Head and neck squamous cell carcinoma,ENSG00000275468.1,22.1532,2.542,0.0,up,Head and neck squamous cell carcinoma,human,Gene
4775,DataSet_51,human,ENSG00000091542,ALKBH5,UM-SCC-1,STXBP5-AS1,Head and neck squamous cell carcinoma,ENSG00000233452.8,8.4052,2.5378,0.031,up,Head and neck squamous cell carcinoma,human,Gene
4776,DataSet_51,human,ENSG00000091542,ALKBH5,UM-SCC-1,DNAH17,Head and neck squamous cell carcinoma,ENSG00000187775.17,197.6914,2.505,0.0,up,Head and neck squamous cell carcinoma,human,Gene
4666,DataSet_50,human,ENSG00000091542,ALKBH5,UM-SCC-1,ENSG00000263020,Head and neck squamous cell carcinoma,ENSG00000263020.6,12.1172,2.4835,0.0113,up,Head and neck squamous cell carcinoma,human,Gene
75696,DataSet_46,human,ENSG00000091542,ALKBH5,UM-SCC-1,ENSG00000263020,Head and neck squamous cell carcinoma,ENSG00000263020.6,12.1172,2.4835,0.0113,up,Head and neck squamous cell carcinoma,human,Gene
4777,DataSet_51,human,ENSG00000091542,ALKBH5,UM-SCC-1,LINC01783,Head and neck squamous cell carcinoma,ENSG00000233421.5,16.9041,2.4824,0.0003,up,Head and neck squamous cell carcinoma,human,Gene
4778,DataSet_51,human,ENSG00000091542,ALKBH5,UM-SCC-1,COA6-AS1,Head and neck squamous cell carcinoma,ENSG00000231663.2,11.6294,2.4764,0.007,up,Head and neck squamous cell carcinoma,human,Gene
4779,DataSet_51,human,ENSG00000091542,ALKBH5,UM-SCC-1,RPL23AP20,Head and neck squamous cell carcinoma,ENSG00000235990.2,9.1582,2.4569,0.0217,up,Head and neck squamous cell carcinoma,human,Gene
75697,DataSet_46,human,ENSG00000091542,ALKBH5,UM-SCC-1,SPDYE21,Head and neck squamous cell carcinoma,ENSG00000230358.6,12.8084,2.4416,0.0051,up,Head and neck squamous cell carcinoma,human,Gene
4667,DataSet_50,human,ENSG00000091542,ALKBH5,UM-SCC-1,SPDYE21,Head and neck squamous cell carcinoma,ENSG00000230358.6,12.8084,2.4416,0.0051,up,Head and neck squamous cell carcinoma,human,Gene
4780,DataSet_51,human,ENSG00000091542,ALKBH5,UM-SCC-1,EPS8L2,Head and neck squamous cell carcinoma,ENSG00000177106.17,10.9749,2.4212,0.0081,up,Head and neck squamous cell carcinoma,human,Gene
4781,DataSet_51,human,ENSG00000091542,ALKBH5,UM-SCC-1,NPIPA5,Head and neck squamous cell carcinoma,ENSG00000183793.14,11.0005,2.4187,0.0173,up,Head and neck squamous cell carcinoma,human,Gene
4782,DataSet_51,human,ENSG00000091542,ALKBH5,UM-SCC-1,ENSG00000286679,Head and neck squamous cell carcinoma,ENSG00000286679.1,9.1468,2.4108,0.023,up,Head and neck squamous cell carcinoma,human,Gene
4783,DataSet_51,human,ENSG00000091542,ALKBH5,UM-SCC-1,ALPK3,Head and neck squamous cell carcinoma,ENSG00000136383.7,25.349,2.4031,0.0,up,Head and neck squamous cell carcinoma,human,Gene
4784,DataSet_51,human,ENSG00000091542,ALKBH5,UM-SCC-1,ENSG00000288663,Head and neck squamous cell carcinoma,ENSG00000288663.1,16.7581,2.3694,0.0007,up,Head and neck squamous cell carcinoma,human,Gene
4785,DataSet_51,human,ENSG00000091542,ALKBH5,UM-SCC-1,XIRP2,Head and neck squamous cell carcinoma,ENSG00000163092.22,13.1571,2.3331,0.007,up,Head and neck squamous cell carcinoma,human,Gene
4668,DataSet_50,human,ENSG00000091542,ALKBH5,UM-SCC-1,FBXL19-AS1,Head and neck squamous cell carcinoma,ENSG00000260852.1,77.9139,2.3279,0.0,up,Head and neck squamous cell carcinoma,human,Gene
75698,DataSet_46,human,ENSG00000091542,ALKBH5,UM-SCC-1,FBXL19-AS1,Head and neck squamous cell carcinoma,ENSG00000260852.1,77.9139,2.3279,0.0,up,Head and neck squamous cell carcinoma,human,Gene
75699,DataSet_46,human,ENSG00000091542,ALKBH5,UM-SCC-1,SERF1B,Head and neck squamous cell carcinoma,ENSG00000205572.10,32.7708,2.32,0.0001,up,Head and neck squamous cell carcinoma,human,Gene
4669,DataSet_50,human,ENSG00000091542,ALKBH5,UM-SCC-1,SERF1B,Head and neck squamous cell carcinoma,ENSG00000205572.10,32.7708,2.32,0.0001,up,Head and neck squamous cell carcinoma,human,Gene
4786,DataSet_51,human,ENSG00000091542,ALKBH5,UM-SCC-1,FBXL19-AS1,Head and neck squamous cell carcinoma,ENSG00000260852.1,72.2833,2.3052,0.0,up,Head and neck squamous cell carcinoma,human,Gene
4787,DataSet_51,human,ENSG00000091542,ALKBH5,UM-SCC-1,KCND1,Head and neck squamous cell carcinoma,ENSG00000102057.10,9.8171,2.3052,0.016,up,Head and neck squamous cell carcinoma,human,Gene
4670,DataSet_50,human,ENSG00000091542,ALKBH5,UM-SCC-1,PAX7,Head and neck squamous cell carcinoma,ENSG00000009709.12,11.1434,2.2921,0.035,up,Head and neck squamous cell carcinoma,human,Gene
75700,DataSet_46,human,ENSG00000091542,ALKBH5,UM-SCC-1,PAX7,Head and neck squamous cell carcinoma,ENSG00000009709.12,11.1434,2.2921,0.035,up,Head and neck squamous cell carcinoma,human,Gene
4671,DataSet_50,human,ENSG00000091542,ALKBH5,UM-SCC-1,NPIPB6,Head and neck squamous cell carcinoma,ENSG00000198156.10,12.4472,2.2605,0.0321,up,Head and neck squamous cell carcinoma,human,Gene
75701,DataSet_46,human,ENSG00000091542,ALKBH5,UM-SCC-1,NPIPB6,Head and neck squamous cell carcinoma,ENSG00000198156.10,12.4472,2.2605,0.0321,up,Head and neck squamous cell carcinoma,human,Gene
4788,DataSet_51,human,ENSG00000091542,ALKBH5,UM-SCC-1,FAT3,Head and neck squamous cell carcinoma,ENSG00000165323.16,9.0251,2.2581,0.0333,up,Head and neck squamous cell carcinoma,human,Gene
75702,DataSet_46,human,ENSG00000091542,ALKBH5,UM-SCC-1,PDIA2,Head and neck squamous cell carcinoma,ENSG00000185615.16,15.1034,2.244,0.0045,up,Head and neck squamous cell carcinoma,human,Gene
4672,DataSet_50,human,ENSG00000091542,ALKBH5,UM-SCC-1,PDIA2,Head and neck squamous cell carcinoma,ENSG00000185615.16,15.1034,2.244,0.0045,up,Head and neck squamous cell carcinoma,human,Gene
4673,DataSet_50,human,ENSG00000091542,ALKBH5,UM-SCC-1,CORIN,Head and neck squamous cell carcinoma,ENSG00000145244.12,13.8575,2.242,0.0092,up,Head and neck squamous cell carcinoma,human,Gene
75703,DataSet_46,human,ENSG00000091542,ALKBH5,UM-SCC-1,CORIN,Head and neck squamous cell carcinoma,ENSG00000145244.12,13.8575,2.242,0.0092,up,Head and neck squamous cell carcinoma,human,Gene
4789,DataSet_51,human,ENSG00000091542,ALKBH5,UM-SCC-1,DNAH12,Head and neck squamous cell carcinoma,ENSG00000174844.15,9.2413,2.2363,0.027,up,Head and neck squamous cell carcinoma,human,Gene
75704,DataSet_46,human,ENSG00000091542,ALKBH5,UM-SCC-1,ZNF322P1,Head and neck squamous cell carcinoma,ENSG00000188801.9,18.0751,2.2328,0.0028,up,Head and neck squamous cell carcinoma,human,Gene
4445,DataSet_48,human,ENSG00000184863,RBM33,UM-SCC-1,ENSG00000270066,Head and neck squamous cell carcinoma,ENSG00000270066.3,55.3544,-22.7169,0.0,down,Head and neck squamous cell carcinoma,human,Gene
4446,DataSet_48,human,ENSG00000184863,RBM33,UM-SCC-1,RPL21P75,Head and neck squamous cell carcinoma,ENSG00000213860.4,30.3328,-21.9702,0.0,down,Head and neck squamous cell carcinoma,human,Gene
4447,DataSet_48,human,ENSG00000184863,RBM33,UM-SCC-1,ENSG00000285505,Head and neck squamous cell carcinoma,ENSG00000285505.1,26.0555,-21.7634,0.0,down,Head and neck squamous cell carcinoma,human,Gene
4545,DataSet_49,human,ENSG00000184863,RBM33,UM-SCC-1,ENSG00000285816,Head and neck squamous cell carcinoma,ENSG00000285816.1,29.197,-6.2825,0.0,down,Head and neck squamous cell carcinoma,human,Gene
106369,DataSet_45,human,ENSG00000184863,RBM33,UM-SCC-1,ENSG00000285816,Head and neck squamous cell carcinoma,ENSG00000285816.1,29.197,-6.2825,0.0,down,Head and neck squamous cell carcinoma,human,Gene
4449,DataSet_48,human,ENSG00000184863,RBM33,UM-SCC-1,ANKRD1,Head and neck squamous cell carcinoma,ENSG00000148677.7,75.6522,5.4311,0.0,up,Head and neck squamous cell carcinoma,human,Gene
106370,DataSet_45,human,ENSG00000184863,RBM33,UM-SCC-1,ANKRD1,Head and neck squamous cell carcinoma,ENSG00000148677.7,124.6605,5.3875,0.0,up,Head and neck squamous cell carcinoma,human,Gene
4546,DataSet_49,human,ENSG00000184863,RBM33,UM-SCC-1,ANKRD1,Head and neck squamous cell carcinoma,ENSG00000148677.7,124.6605,5.3875,0.0,up,Head and neck squamous cell carcinoma,human,Gene
4451,DataSet_48,human,ENSG00000184863,RBM33,UM-SCC-1,ENSG00000272512,Head and neck squamous cell carcinoma,ENSG00000272512.1,26.4267,4.2366,0.0005,up,Head and neck squamous cell carcinoma,human,Gene
4547,DataSet_49,human,ENSG00000184863,RBM33,UM-SCC-1,ENSG00000272512,Head and neck squamous cell carcinoma,ENSG00000272512.1,46.0766,4.1271,0.0004,up,Head and neck squamous cell carcinoma,human,Gene
106371,DataSet_45,human,ENSG00000184863,RBM33,UM-SCC-1,ENSG00000272512,Head and neck squamous cell carcinoma,ENSG00000272512.1,46.0766,4.1271,0.0004,up,Head and neck squamous cell carcinoma,human,Gene
4452,DataSet_48,human,ENSG00000184863,RBM33,UM-SCC-1,HSPA1B,Head and neck squamous cell carcinoma,ENSG00000204388.7,1006.3721,3.7083,0.0,up,Head and neck squamous cell carcinoma,human,Gene
106372,DataSet_45,human,ENSG00000184863,RBM33,UM-SCC-1,HSPA1B,Head and neck squamous cell carcinoma,ENSG00000204388.7,1415.1294,3.6818,0.0,up,Head and neck squamous cell carcinoma,human,Gene
4548,DataSet_49,human,ENSG00000184863,RBM33,UM-SCC-1,HSPA1B,Head and neck squamous cell carcinoma,ENSG00000204388.7,1415.1294,3.6818,0.0,up,Head and neck squamous cell carcinoma,human,Gene
4453,DataSet_48,human,ENSG00000184863,RBM33,UM-SCC-1,AMH,Head and neck squamous cell carcinoma,ENSG00000104899.8,104.1416,3.6673,0.0,up,Head and neck squamous cell carcinoma,human,Gene
4549,DataSet_49,human,ENSG00000184863,RBM33,UM-SCC-1,AMH,Head and neck squamous cell carcinoma,ENSG00000104899.8,138.5632,3.6098,0.0,up,Head and neck squamous cell carcinoma,human,Gene
106373,DataSet_45,human,ENSG00000184863,RBM33,UM-SCC-1,AMH,Head and neck squamous cell carcinoma,ENSG00000104899.8,138.5632,3.6098,0.0,up,Head and neck squamous cell carcinoma,human,Gene
4550,DataSet_49,human,ENSG00000184863,RBM33,UM-SCC-1,TACR1,Head and neck squamous cell carcinoma,ENSG00000115353.11,9.8261,3.361,0.0009,up,Head and neck squamous cell carcinoma,human,Gene
106374,DataSet_45,human,ENSG00000184863,RBM33,UM-SCC-1,TACR1,Head and neck squamous cell carcinoma,ENSG00000115353.11,9.8261,3.361,0.0009,up,Head and neck squamous cell carcinoma,human,Gene
4454,DataSet_48,human,ENSG00000184863,RBM33,UM-SCC-1,ENSG00000255339,Head and neck squamous cell carcinoma,ENSG00000255339.6,44.9335,-3.3495,0.0,down,Head and neck squamous cell carcinoma,human,Gene
4455,DataSet_48,human,ENSG00000184863,RBM33,UM-SCC-1,PRR5-ARHGAP8,Head and neck squamous cell carcinoma,ENSG00000248405.10,11.4792,-3.2205,0.0456,down,Head and neck squamous cell carcinoma,human,Gene
106375,DataSet_45,human,ENSG00000184863,RBM33,UM-SCC-1,G0S2,Head and neck squamous cell carcinoma,ENSG00000123689.6,84.1818,-3.1902,0.0,down,Head and neck squamous cell carcinoma,human,Gene
4551,DataSet_49,human,ENSG00000184863,RBM33,UM-SCC-1,G0S2,Head and neck squamous cell carcinoma,ENSG00000123689.6,84.1818,-3.1902,0.0,down,Head and neck squamous cell carcinoma,human,Gene
4552,DataSet_49,human,ENSG00000184863,RBM33,UM-SCC-1,HSPA6,Head and neck squamous cell carcinoma,ENSG00000173110.8,17.7142,3.1852,0.0,up,Head and neck squamous cell carcinoma,human,Gene
106376,DataSet_45,human,ENSG00000184863,RBM33,UM-SCC-1,HSPA6,Head and neck squamous cell carcinoma,ENSG00000173110.8,17.7142,3.1852,0.0,up,Head and neck squamous cell carcinoma,human,Gene
106377,DataSet_45,human,ENSG00000184863,RBM33,UM-SCC-1,ENSG00000285565,Head and neck squamous cell carcinoma,ENSG00000285565.1,1337.8744,3.1195,0.0,up,Head and neck squamous cell carcinoma,human,Gene
4553,DataSet_49,human,ENSG00000184863,RBM33,UM-SCC-1,ENSG00000285565,Head and neck squamous cell carcinoma,ENSG00000285565.1,1337.8744,3.1195,0.0,up,Head and neck squamous cell carcinoma,human,Gene
4456,DataSet_48,human,ENSG00000184863,RBM33,UM-SCC-1,ENSG00000285565,Head and neck squamous cell carcinoma,ENSG00000285565.1,926.088,3.0834,0.0,up,Head and neck squamous cell carcinoma,human,Gene
4554,DataSet_49,human,ENSG00000184863,RBM33,UM-SCC-1,ENSG00000245025,Head and neck squamous cell carcinoma,ENSG00000245025.3,10.3811,2.981,0.0101,up,Head and neck squamous cell carcinoma,human,Gene
106378,DataSet_45,human,ENSG00000184863,RBM33,UM-SCC-1,ENSG00000245025,Head and neck squamous cell carcinoma,ENSG00000245025.3,10.3811,2.981,0.0101,up,Head and neck squamous cell carcinoma,human,Gene
4457,DataSet_48,human,ENSG00000184863,RBM33,UM-SCC-1,HSPA6,Head and neck squamous cell carcinoma,ENSG00000173110.8,9.5077,2.9325,0.0001,up,Head and neck squamous cell carcinoma,human,Gene
4458,DataSet_48,human,ENSG00000184863,RBM33,UM-SCC-1,ENSG00000279306,Head and neck squamous cell carcinoma,ENSG00000279306.1,13.6284,2.9286,0.0,up,Head and neck squamous cell carcinoma,human,Gene
4459,DataSet_48,human,ENSG00000184863,RBM33,UM-SCC-1,BASP1,Head and neck squamous cell carcinoma,ENSG00000176788.9,34.9765,-2.8572,0.0,down,Head and neck squamous cell carcinoma,human,Gene
4555,DataSet_49,human,ENSG00000184863,RBM33,UM-SCC-1,EPS8L2,Head and neck squamous cell carcinoma,ENSG00000177106.17,14.0692,2.8176,0.0004,up,Head and neck squamous cell carcinoma,human,Gene
106379,DataSet_45,human,ENSG00000184863,RBM33,UM-SCC-1,EPS8L2,Head and neck squamous cell carcinoma,ENSG00000177106.17,14.0692,2.8176,0.0004,up,Head and neck squamous cell carcinoma,human,Gene
106380,DataSet_45,human,ENSG00000184863,RBM33,UM-SCC-1,ENSG00000260784,Head and neck squamous cell carcinoma,ENSG00000260784.1,21.9351,2.7905,0.0,up,Head and neck squamous cell carcinoma,human,Gene
4556,DataSet_49,human,ENSG00000184863,RBM33,UM-SCC-1,ENSG00000260784,Head and neck squamous cell carcinoma,ENSG00000260784.1,21.9351,2.7905,0.0,up,Head and neck squamous cell carcinoma,human,Gene
4557,DataSet_49,human,ENSG00000184863,RBM33,UM-SCC-1,ENSG00000279306,Head and neck squamous cell carcinoma,ENSG00000279306.1,19.2903,2.76,0.0,up,Head and neck squamous cell carcinoma,human,Gene
106381,DataSet_45,human,ENSG00000184863,RBM33,UM-SCC-1,ENSG00000279306,Head and neck squamous cell carcinoma,ENSG00000279306.1,19.2903,2.76,0.0,up,Head and neck squamous cell carcinoma,human,Gene
4460,DataSet_48,human,ENSG00000184863,RBM33,UM-SCC-1,ANKAR,Head and neck squamous cell carcinoma,ENSG00000151687.15,12.4207,2.7301,0.0001,up,Head and neck squamous cell carcinoma,human,Gene
4461,DataSet_48,human,ENSG00000184863,RBM33,UM-SCC-1,PRSS30P,Head and neck squamous cell carcinoma,ENSG00000172460.18,14.5619,-2.7006,0.0021,down,Head and neck squamous cell carcinoma,human,Gene
4462,DataSet_48,human,ENSG00000184863,RBM33,UM-SCC-1,FOSB,Head and neck squamous cell carcinoma,ENSG00000125740.14,32.3767,2.6984,0.0,up,Head and neck squamous cell carcinoma,human,Gene
4463,DataSet_48,human,ENSG00000184863,RBM33,UM-SCC-1,G0S2,Head and neck squamous cell carcinoma,ENSG00000123689.6,102.0928,-2.6889,0.0,down,Head and neck squamous cell carcinoma,human,Gene
4464,DataSet_48,human,ENSG00000184863,RBM33,UM-SCC-1,ENSG00000248015,Head and neck squamous cell carcinoma,ENSG00000248015.7,18.3755,2.667,0.0015,up,Head and neck squamous cell carcinoma,human,Gene
4558,DataSet_49,human,ENSG00000184863,RBM33,UM-SCC-1,DNAH17,Head and neck squamous cell carcinoma,ENSG00000187775.17,211.0473,2.5992,0.0,up,Head and neck squamous cell carcinoma,human,Gene
106382,DataSet_45,human,ENSG00000184863,RBM33,UM-SCC-1,DNAH17,Head and neck squamous cell carcinoma,ENSG00000187775.17,211.0473,2.5992,0.0,up,Head and neck squamous cell carcinoma,human,Gene
4559,DataSet_49,human,ENSG00000184863,RBM33,UM-SCC-1,DNAH17-AS1,Head and neck squamous cell carcinoma,ENSG00000267432.6,22.1512,2.5543,0.0,up,Head and neck squamous cell carcinoma,human,Gene
106383,DataSet_45,human,ENSG00000184863,RBM33,UM-SCC-1,DNAH17-AS1,Head and neck squamous cell carcinoma,ENSG00000267432.6,22.1512,2.5543,0.0,up,Head and neck squamous cell carcinoma,human,Gene
4466,DataSet_48,human,ENSG00000184863,RBM33,UM-SCC-1,ENSG00000284661,Head and neck squamous cell carcinoma,ENSG00000284661.1,12.6863,-2.5405,0.0436,down,Head and neck squamous cell carcinoma,human,Gene
106384,DataSet_45,human,ENSG00000184863,RBM33,UM-SCC-1,IQCN,Head and neck squamous cell carcinoma,ENSG00000130518.18,12.8673,2.5268,0.0027,up,Head and neck squamous cell carcinoma,human,Gene
4560,DataSet_49,human,ENSG00000184863,RBM33,UM-SCC-1,IQCN,Head and neck squamous cell carcinoma,ENSG00000130518.18,12.8673,2.5268,0.0027,up,Head and neck squamous cell carcinoma,human,Gene
4467,DataSet_48,human,ENSG00000184863,RBM33,UM-SCC-1,IQCN,Head and neck squamous cell carcinoma,ENSG00000130518.18,10.6425,2.5036,0.0003,up,Head and neck squamous cell carcinoma,human,Gene
106385,DataSet_45,human,ENSG00000184863,RBM33,UM-SCC-1,ENSG00000275468,Head and neck squamous cell carcinoma,ENSG00000275468.1,16.3981,2.4846,0.0003,up,Head and neck squamous cell carcinoma,human,Gene
4561,DataSet_49,human,ENSG00000184863,RBM33,UM-SCC-1,ENSG00000275468,Head and neck squamous cell carcinoma,ENSG00000275468.1,16.3981,2.4846,0.0003,up,Head and neck squamous cell carcinoma,human,Gene
106386,DataSet_45,human,ENSG00000184863,RBM33,UM-SCC-1,UCKL1-AS1,Head and neck squamous cell carcinoma,ENSG00000280213.1,10.5961,2.4797,0.0222,up,Head and neck squamous cell carcinoma,human,Gene
4562,DataSet_49,human,ENSG00000184863,RBM33,UM-SCC-1,UCKL1-AS1,Head and neck squamous cell carcinoma,ENSG00000280213.1,10.5961,2.4797,0.0222,up,Head and neck squamous cell carcinoma,human,Gene
106387,DataSet_45,human,ENSG00000184863,RBM33,UM-SCC-1,CCDC168,Head and neck squamous cell carcinoma,ENSG00000175820.4,25.3708,2.4378,0.0,up,Head and neck squamous cell carcinoma,human,Gene
4563,DataSet_49,human,ENSG00000184863,RBM33,UM-SCC-1,CCDC168,Head and neck squamous cell carcinoma,ENSG00000175820.4,25.3708,2.4378,0.0,up,Head and neck squamous cell carcinoma,human,Gene
106388,DataSet_45,human,ENSG00000184863,RBM33,UM-SCC-1,FOSB,Head and neck squamous cell carcinoma,ENSG00000125740.14,43.9596,2.4292,0.0,up,Head and neck squamous cell carcinoma,human,Gene
4564,DataSet_49,human,ENSG00000184863,RBM33,UM-SCC-1,FOSB,Head and neck squamous cell carcinoma,ENSG00000125740.14,43.9596,2.4292,0.0,up,Head and neck squamous cell carcinoma,human,Gene
4565,DataSet_49,human,ENSG00000184863,RBM33,UM-SCC-1,ENSG00000289609,Head and neck squamous cell carcinoma,ENSG00000289609.1,66.0243,-2.4271,0.0,down,Head and neck squamous cell carcinoma,human,Gene
106389,DataSet_45,human,ENSG00000184863,RBM33,UM-SCC-1,ENSG00000289609,Head and neck squamous cell carcinoma,ENSG00000289609.1,66.0243,-2.4271,0.0,down,Head and neck squamous cell carcinoma,human,Gene
4468,DataSet_48,human,ENSG00000184863,RBM33,UM-SCC-1,ENSG00000225173,Head and neck squamous cell carcinoma,ENSG00000225173.2,15.021,2.422,0.0001,up,Head and neck squamous cell carcinoma,human,Gene
4469,DataSet_48,human,ENSG00000184863,RBM33,UM-SCC-1,DNAH17,Head and neck squamous cell carcinoma,ENSG00000187775.17,148.5138,2.4138,0.0,up,Head and neck squamous cell carcinoma,human,Gene
106390,DataSet_45,human,ENSG00000184863,RBM33,UM-SCC-1,ENSG00000286643,Head and neck squamous cell carcinoma,ENSG00000286643.1,16.4528,2.3926,0.0002,up,Head and neck squamous cell carcinoma,human,Gene
4566,DataSet_49,human,ENSG00000184863,RBM33,UM-SCC-1,ENSG00000286643,Head and neck squamous cell carcinoma,ENSG00000286643.1,16.4528,2.3926,0.0002,up,Head and neck squamous cell carcinoma,human,Gene
106391,DataSet_45,human,ENSG00000184863,RBM33,UM-SCC-1,PTOV1-AS1,Head and neck squamous cell carcinoma,ENSG00000268006.1,14.564,2.3888,0.0018,up,Head and neck squamous cell carcinoma,human,Gene
4567,DataSet_49,human,ENSG00000184863,RBM33,UM-SCC-1,PTOV1-AS1,Head and neck squamous cell carcinoma,ENSG00000268006.1,14.564,2.3888,0.0018,up,Head and neck squamous cell carcinoma,human,Gene
4470,DataSet_48,human,ENSG00000184863,RBM33,UM-SCC-1,ENSG00000279488,Head and neck squamous cell carcinoma,ENSG00000279488.1,14.8978,-2.3885,0.0187,down,Head and neck squamous cell carcinoma,human,Gene
4568,DataSet_49,human,ENSG00000184863,RBM33,UM-SCC-1,CDH12,Head and neck squamous cell carcinoma,ENSG00000154162.15,19.4151,-2.3807,0.0002,down,Head and neck squamous cell carcinoma,human,Gene
106392,DataSet_45,human,ENSG00000184863,RBM33,UM-SCC-1,CDH12,Head and neck squamous cell carcinoma,ENSG00000154162.15,19.4151,-2.3807,0.0002,down,Head and neck squamous cell carcinoma,human,Gene
4471,DataSet_48,human,ENSG00000184863,RBM33,UM-SCC-1,PPP1R32,Head and neck squamous cell carcinoma,ENSG00000162148.11,12.8934,-2.3655,0.029,down,Head and neck squamous cell carcinoma,human,Gene
4569,DataSet_49,human,ENSG00000184863,RBM33,UM-SCC-1,ENSG00000225173,Head and neck squamous cell carcinoma,ENSG00000225173.2,23.2829,2.3613,0.0,up,Head and neck squamous cell carcinoma,human,Gene
106393,DataSet_45,human,ENSG00000184863,RBM33,UM-SCC-1,ENSG00000225173,Head and neck squamous cell carcinoma,ENSG00000225173.2,23.2829,2.3613,0.0,up,Head and neck squamous cell carcinoma,human,Gene
4472,DataSet_48,human,ENSG00000184863,RBM33,UM-SCC-1,FBXL19-AS1,Head and neck squamous cell carcinoma,ENSG00000260852.1,58.3293,2.3312,0.0,up,Head and neck squamous cell carcinoma,human,Gene
4473,DataSet_48,human,ENSG00000184863,RBM33,UM-SCC-1,TMEM132E,Head and neck squamous cell carcinoma,ENSG00000181291.8,9.9143,-2.3154,0.0316,down,Head and neck squamous cell carcinoma,human,Gene
4474,DataSet_48,human,ENSG00000184863,RBM33,UM-SCC-1,NPIPB6,Head and neck squamous cell carcinoma,ENSG00000198156.10,9.5151,2.2965,0.0284,up,Head and neck squamous cell carcinoma,human,Gene
4475,DataSet_48,human,ENSG00000184863,RBM33,UM-SCC-1,ENSG00000262660,Head and neck squamous cell carcinoma,ENSG00000262660.1,36.5003,-2.2927,0.0001,down,Head and neck squamous cell carcinoma,human,Gene
4476,DataSet_48,human,ENSG00000184863,RBM33,UM-SCC-1,PPM1J,Head and neck squamous cell carcinoma,ENSG00000155367.16,21.1901,-2.2886,0.0001,down,Head and neck squamous cell carcinoma,human,Gene
4570,DataSet_49,human,ENSG00000184863,RBM33,UM-SCC-1,GPR18,Head and neck squamous cell carcinoma,ENSG00000125245.14,10.1224,2.2596,0.0158,up,Head and neck squamous cell carcinoma,human,Gene
106394,DataSet_45,human,ENSG00000184863,RBM33,UM-SCC-1,GPR18,Head and neck squamous cell carcinoma,ENSG00000125245.14,10.1224,2.2596,0.0158,up,Head and neck squamous cell carcinoma,human,Gene
106395,DataSet_45,human,ENSG00000184863,RBM33,UM-SCC-1,ENSG00000279821,Head and neck squamous cell carcinoma,ENSG00000279821.1,12.6248,2.2514,0.0084,up,Head and neck squamous cell carcinoma,human,Gene
4571,DataSet_49,human,ENSG00000184863,RBM33,UM-SCC-1,ENSG00000279821,Head and neck squamous cell carcinoma,ENSG00000279821.1,12.6248,2.2514,0.0084,up,Head and neck squamous cell carcinoma,human,Gene
4477,DataSet_48,human,ENSG00000184863,RBM33,UM-SCC-1,FOS,Head and neck squamous cell carcinoma,ENSG00000170345.10,17.3253,2.2497,0.0005,up,Head and neck squamous cell carcinoma,human,Gene
4478,DataSet_48,human,ENSG00000184863,RBM33,UM-SCC-1,MYH11,Head and neck squamous cell carcinoma,ENSG00000133392.18,15.8542,-2.2433,0.0024,down,Head and neck squamous cell carcinoma,human,Gene
4572,DataSet_49,human,ENSG00000184863,RBM33,UM-SCC-1,ENSG00000258461,Head and neck squamous cell carcinoma,ENSG00000258461.5,13.2003,2.2312,0.0097,up,Head and neck squamous cell carcinoma,human,Gene
106396,DataSet_45,human,ENSG00000184863,RBM33,UM-SCC-1,ENSG00000258461,Head and neck squamous cell carcinoma,ENSG00000258461.5,13.2003,2.2312,0.0097,up,Head and neck squamous cell carcinoma,human,Gene
106397,DataSet_45,human,ENSG00000184863,RBM33,UM-SCC-1,ENSG00000259992,Head and neck squamous cell carcinoma,ENSG00000259992.1,12.4626,2.223,0.0245,up,Head and neck squamous cell carcinoma,human,Gene
4573,DataSet_49,human,ENSG00000184863,RBM33,UM-SCC-1,ENSG00000259992,Head and neck squamous cell carcinoma,ENSG00000259992.1,12.4626,2.223,0.0245,up,Head and neck squamous cell carcinoma,human,Gene
4479,DataSet_48,human,ENSG00000184863,RBM33,UM-SCC-1,DNAH1,Head and neck squamous cell carcinoma,ENSG00000114841.18,54.5421,2.2038,0.0,up,Head and neck squamous cell carcinoma,human,Gene
4480,DataSet_48,human,ENSG00000184863,RBM33,UM-SCC-1,ENSG00000287064,Head and neck squamous cell carcinoma,ENSG00000287064.1,10.519,-2.1903,0.0349,down,Head and neck squamous cell carcinoma,human,Gene
106398,DataSet_45,human,ENSG00000184863,RBM33,UM-SCC-1,NDUFB2-AS1,Head and neck squamous cell carcinoma,ENSG00000240889.1,10.4729,2.1791,0.0307,up,Head and neck squamous cell carcinoma,human,Gene
4574,DataSet_49,human,ENSG00000184863,RBM33,UM-SCC-1,NDUFB2-AS1,Head and neck squamous cell carcinoma,ENSG00000240889.1,10.4729,2.1791,0.0307,up,Head and neck squamous cell carcinoma,human,Gene
4575,DataSet_49,human,ENSG00000184863,RBM33,UM-SCC-1,DIP2C-AS1,Head and neck squamous cell carcinoma,ENSG00000180525.14,26.6155,2.1188,0.0001,up,Head and neck squamous cell carcinoma,human,Gene
106399,DataSet_45,human,ENSG00000184863,RBM33,UM-SCC-1,DIP2C-AS1,Head and neck squamous cell carcinoma,ENSG00000180525.14,26.6155,2.1188,0.0001,up,Head and neck squamous cell carcinoma,human,Gene
106400,DataSet_45,human,ENSG00000184863,RBM33,UM-SCC-1,CHD5,Head and neck squamous cell carcinoma,ENSG00000116254.18,14.7807,2.1018,0.004,up,Head and neck squamous cell carcinoma,human,Gene
4576,DataSet_49,human,ENSG00000184863,RBM33,UM-SCC-1,CHD5,Head and neck squamous cell carcinoma,ENSG00000116254.18,14.7807,2.1018,0.004,up,Head and neck squamous cell carcinoma,human,Gene
4577,DataSet_49,human,ENSG00000184863,RBM33,UM-SCC-1,TOX,Head and neck squamous cell carcinoma,ENSG00000198846.6,10.9596,-2.098,0.0286,down,Head and neck squamous cell carcinoma,human,Gene
106401,DataSet_45,human,ENSG00000184863,RBM33,UM-SCC-1,TOX,Head and neck squamous cell carcinoma,ENSG00000198846.6,10.9596,-2.098,0.0286,down,Head and neck squamous cell carcinoma,human,Gene
4481,DataSet_48,human,ENSG00000184863,RBM33,UM-SCC-1,SYTL1,Head and neck squamous cell carcinoma,ENSG00000142765.18,20.0873,-2.0925,0.0024,down,Head and neck squamous cell carcinoma,human,Gene
